-- phpMyAdmin SQL Dump
-- version 5.2.1
-- https://www.phpmyadmin.net/
--
-- Host: 127.0.0.1
-- Generation Time: Dec 10, 2024 at 02:18 PM
-- Server version: 10.4.32-MariaDB
-- PHP Version: 8.2.12

SET SQL_MODE = "NO_AUTO_VALUE_ON_ZERO";
START TRANSACTION;
SET time_zone = "+00:00";


/*!40101 SET @OLD_CHARACTER_SET_CLIENT=@@CHARACTER_SET_CLIENT */;
/*!40101 SET @OLD_CHARACTER_SET_RESULTS=@@CHARACTER_SET_RESULTS */;
/*!40101 SET @OLD_COLLATION_CONNECTION=@@COLLATION_CONNECTION */;
/*!40101 SET NAMES utf8mb4 */;

--
-- Database: `system`
--

-- --------------------------------------------------------

--
-- Table structure for table `borrowings`
--

CREATE TABLE `borrowings` (
  `id` int(11) NOT NULL,
  `unit_id` int(11) NOT NULL,
  `borrower_username` varchar(255) NOT NULL,
  `borrow_date` date NOT NULL,
  `return_date` date NOT NULL,
  `purpose` text DEFAULT NULL,
  `status` enum('pending','active','returned','rejected') DEFAULT 'pending',
  `created_at` timestamp NOT NULL DEFAULT current_timestamp(),
  `updated_at` timestamp NOT NULL DEFAULT current_timestamp() ON UPDATE current_timestamp()
) ENGINE=InnoDB DEFAULT CHARSET=utf8mb4 COLLATE=utf8mb4_general_ci;

--
-- Dumping data for table `borrowings`
--

INSERT INTO `borrowings` (`id`, `unit_id`, `borrower_username`, `borrow_date`, `return_date`, `purpose`, `status`, `created_at`, `updated_at`) VALUES
(95, 1234, 'andre', '2024-12-11', '2024-12-10', 'gimme ples', 'returned', '2024-12-10 11:03:21', '2024-12-10 12:51:56');

-- --------------------------------------------------------

--
-- Table structure for table `categories`
--

CREATE TABLE `categories` (
  `id` int(11) NOT NULL,
  `name` varchar(255) NOT NULL
) ENGINE=InnoDB DEFAULT CHARSET=utf8mb4 COLLATE=utf8mb4_general_ci;

--
-- Dumping data for table `categories`
--

INSERT INTO `categories` (`id`, `name`) VALUES
(1, 'Electronics'),
(2, 'Furniture'),
(3, 'Tools');

-- --------------------------------------------------------

--
-- Table structure for table `department`
--

CREATE TABLE `department` (
  `id` int(11) NOT NULL,
  `name` varchar(255) NOT NULL
) ENGINE=InnoDB DEFAULT CHARSET=utf8mb4 COLLATE=utf8mb4_general_ci;

--
-- Dumping data for table `department`
--

INSERT INTO `department` (`id`, `name`) VALUES
(1, 'Computer Science'),
(3, 'Information Technology');

-- --------------------------------------------------------

--
-- Table structure for table `equipment`
--

CREATE TABLE `equipment` (
  `id` int(11) NOT NULL,
  `category_id` int(11) NOT NULL,
  `name` varchar(255) NOT NULL,
  `description` text DEFAULT NULL,
  `max_borrow_days` int(11) NOT NULL,
  `image_path` varchar(255) DEFAULT NULL,
  `created_at` timestamp NOT NULL DEFAULT current_timestamp(),
  `updated_at` timestamp NOT NULL DEFAULT current_timestamp() ON UPDATE current_timestamp()
) ENGINE=InnoDB DEFAULT CHARSET=utf8mb4 COLLATE=utf8mb4_general_ci;

--
-- Dumping data for table `equipment`
--

INSERT INTO `equipment` (`id`, `category_id`, `name`, `description`, `max_borrow_days`, `image_path`, `created_at`, `updated_at`) VALUES
(23, 1, 'Printer', 'yes', 12, '../uploads/equipment/default_image_equipment.png', '2024-12-09 17:16:04', '2024-12-10 10:58:12'),
(24, 1, 'Printer', 'qwe', 12, '../uploads/equipment/default_image_equipment.png', '2024-12-09 17:16:35', '2024-12-10 10:58:12'),
(25, 1, 'Printer', 'this is a printer', 21, '../uploads/equipment/default_image_equipment.png', '2024-12-09 17:17:32', '2024-12-10 10:58:12'),
(28, 1, 'Printer', 'test ', 32, '../uploads/equipment/default_image_equipment.png', '2024-12-09 17:52:22', '2024-12-10 10:58:12'),
(29, 2, 'Printer', '123', 12, '../uploads/equipment/default_image_equipment.png', '2024-12-09 18:07:47', '2024-12-10 10:58:12'),
(30, 2, 'asd', '123', 12, '../uploads/equipment/default_image_equipment.png', '2024-12-09 18:08:54', '2024-12-10 10:58:12'),
(31, 1, 'test', 'test', 12, '../uploads/equipment/default_image_equipment.png', '2024-12-09 18:10:23', '2024-12-10 10:57:15'),
(32, 3, 'hammer', 'This is hammer', 12, '../uploads/equipment/default_image_equipment.png', '2024-12-10 07:22:09', '2024-12-10 10:58:12'),
(33, 3, 'screwdriver', 'this is scredriver', 12, '../uploads/equipment/default_image_equipment.png', '2024-12-10 07:22:22', '2024-12-10 10:58:12'),
(34, 1, 'projector', 'This is projector', 12, '../uploads/equipment/default_image_equipment.png', '2024-12-10 07:22:39', '2024-12-10 10:58:12'),
(35, 3, 'Ballpen', 'This is Ballpen', 7, '../uploads/equipment/default_image_equipment.png', '2024-12-10 10:15:28', '2024-12-10 10:58:12');

-- --------------------------------------------------------

--
-- Table structure for table `equipment_units`
--

CREATE TABLE `equipment_units` (
  `id` int(11) NOT NULL,
  `equipment_id` int(11) NOT NULL,
  `unit_code` varchar(255) NOT NULL,
  `status` enum('available','borrowed','maintenance') DEFAULT 'available',
  `created_at` timestamp NOT NULL DEFAULT current_timestamp()
) ENGINE=InnoDB DEFAULT CHARSET=utf8mb4 COLLATE=utf8mb4_general_ci;

--
-- Dumping data for table `equipment_units`
--

INSERT INTO `equipment_units` (`id`, `equipment_id`, `unit_code`, `status`, `created_at`) VALUES
(135, 23, 'UNIT-023-001', 'available', '2024-12-09 17:16:04'),
(136, 23, 'UNIT-023-002', 'available', '2024-12-09 17:16:04'),
(137, 23, 'UNIT-023-003', 'available', '2024-12-09 17:16:04'),
(138, 23, 'UNIT-023-004', 'available', '2024-12-09 17:16:04'),
(139, 23, 'UNIT-023-005', 'available', '2024-12-09 17:16:04'),
(140, 23, 'UNIT-023-006', 'available', '2024-12-09 17:16:04'),
(141, 23, 'UNIT-023-007', 'available', '2024-12-09 17:16:04'),
(142, 23, 'UNIT-023-008', 'available', '2024-12-09 17:16:04'),
(143, 23, 'UNIT-023-009', 'available', '2024-12-09 17:16:04'),
(144, 23, 'UNIT-023-010', 'available', '2024-12-09 17:16:04'),
(145, 23, 'UNIT-023-011', 'available', '2024-12-09 17:16:04'),
(146, 23, 'UNIT-023-012', 'available', '2024-12-09 17:16:04'),
(147, 24, 'UNIT-024-001', 'available', '2024-12-09 17:16:35'),
(148, 24, 'UNIT-024-002', 'available', '2024-12-09 17:16:35'),
(149, 24, 'UNIT-024-003', 'available', '2024-12-09 17:16:35'),
(150, 24, 'UNIT-024-004', 'available', '2024-12-09 17:16:35'),
(151, 24, 'UNIT-024-005', 'available', '2024-12-09 17:16:35'),
(152, 24, 'UNIT-024-006', 'available', '2024-12-09 17:16:35'),
(153, 24, 'UNIT-024-007', 'available', '2024-12-09 17:16:35'),
(154, 24, 'UNIT-024-008', 'available', '2024-12-09 17:16:35'),
(155, 24, 'UNIT-024-009', 'available', '2024-12-09 17:16:35'),
(156, 24, 'UNIT-024-010', 'available', '2024-12-09 17:16:35'),
(157, 24, 'UNIT-024-011', 'available', '2024-12-09 17:16:35'),
(158, 24, 'UNIT-024-012', 'available', '2024-12-09 17:16:35'),
(159, 25, 'UNIT-025-001', 'available', '2024-12-09 17:17:32'),
(284, 25, 'UNIT-025-002', 'available', '2024-12-09 17:43:01'),
(285, 25, 'UNIT-025-003', 'available', '2024-12-09 17:43:01'),
(286, 25, 'UNIT-025-004', 'available', '2024-12-09 17:43:01'),
(287, 25, 'UNIT-025-005', 'available', '2024-12-09 17:43:01'),
(288, 25, 'UNIT-025-006', 'available', '2024-12-09 17:43:01'),
(289, 25, 'UNIT-025-007', 'available', '2024-12-09 17:43:01'),
(290, 25, 'UNIT-025-008', 'available', '2024-12-09 17:43:01'),
(291, 25, 'UNIT-025-009', 'available', '2024-12-09 17:43:01'),
(292, 25, 'UNIT-025-010', 'available', '2024-12-09 17:43:01'),
(548, 28, 'UNIT-028-001', 'available', '2024-12-09 17:52:22'),
(549, 28, 'UNIT-028-002', 'available', '2024-12-09 17:52:22'),
(550, 28, 'UNIT-028-003', 'available', '2024-12-09 17:52:22'),
(551, 28, 'UNIT-028-004', 'available', '2024-12-09 17:52:22'),
(552, 28, 'UNIT-028-005', 'available', '2024-12-09 17:52:22'),
(553, 28, 'UNIT-028-006', 'available', '2024-12-09 17:52:22'),
(554, 28, 'UNIT-028-007', 'available', '2024-12-09 17:52:22'),
(555, 28, 'UNIT-028-008', 'available', '2024-12-09 17:52:22'),
(556, 28, 'UNIT-028-009', 'available', '2024-12-09 17:52:22'),
(557, 28, 'UNIT-028-010', 'available', '2024-12-09 17:52:22'),
(558, 28, 'UNIT-028-011', 'available', '2024-12-09 17:52:22'),
(559, 28, 'UNIT-028-012', 'available', '2024-12-09 17:52:22'),
(560, 28, 'UNIT-028-013', 'available', '2024-12-09 17:52:22'),
(561, 28, 'UNIT-028-014', 'available', '2024-12-09 17:52:22'),
(562, 28, 'UNIT-028-015', 'available', '2024-12-09 17:52:22'),
(563, 28, 'UNIT-028-016', 'available', '2024-12-09 17:52:22'),
(564, 28, 'UNIT-028-017', 'available', '2024-12-09 17:52:22'),
(565, 28, 'UNIT-028-018', 'available', '2024-12-09 17:52:22'),
(566, 28, 'UNIT-028-019', 'available', '2024-12-09 17:52:22'),
(567, 28, 'UNIT-028-020', 'available', '2024-12-09 17:52:22'),
(568, 28, 'UNIT-028-021', 'available', '2024-12-09 17:52:22'),
(569, 28, 'UNIT-028-022', 'available', '2024-12-09 17:52:22'),
(570, 28, 'UNIT-028-023', 'available', '2024-12-09 17:52:22'),
(571, 28, 'UNIT-028-024', 'available', '2024-12-09 17:52:22'),
(572, 28, 'UNIT-028-025', 'available', '2024-12-09 17:52:22'),
(573, 28, 'UNIT-028-026', 'available', '2024-12-09 17:52:22'),
(574, 28, 'UNIT-028-027', 'available', '2024-12-09 17:52:22'),
(575, 28, 'UNIT-028-028', 'available', '2024-12-09 17:52:22'),
(576, 28, 'UNIT-028-029', 'available', '2024-12-09 17:52:22'),
(577, 28, 'UNIT-028-030', 'available', '2024-12-09 17:52:22'),
(578, 28, 'UNIT-028-031', 'available', '2024-12-09 17:52:22'),
(579, 28, 'UNIT-028-032', 'available', '2024-12-09 17:52:22'),
(580, 28, 'UNIT-028-033', 'available', '2024-12-09 17:52:22'),
(581, 28, 'UNIT-028-034', 'available', '2024-12-09 17:52:22'),
(582, 28, 'UNIT-028-035', 'available', '2024-12-09 17:52:22'),
(583, 28, 'UNIT-028-036', 'available', '2024-12-09 17:52:22'),
(584, 28, 'UNIT-028-037', 'available', '2024-12-09 17:52:22'),
(585, 28, 'UNIT-028-038', 'available', '2024-12-09 17:52:22'),
(586, 28, 'UNIT-028-039', 'available', '2024-12-09 17:52:22'),
(587, 28, 'UNIT-028-040', 'available', '2024-12-09 17:52:22'),
(588, 28, 'UNIT-028-041', 'available', '2024-12-09 17:52:22'),
(589, 28, 'UNIT-028-042', 'available', '2024-12-09 17:52:22'),
(590, 28, 'UNIT-028-043', 'available', '2024-12-09 17:52:22'),
(591, 28, 'UNIT-028-044', 'available', '2024-12-09 17:52:22'),
(592, 28, 'UNIT-028-045', 'available', '2024-12-09 17:52:22'),
(593, 28, 'UNIT-028-046', 'available', '2024-12-09 17:52:22'),
(594, 28, 'UNIT-028-047', 'available', '2024-12-09 17:52:22'),
(595, 28, 'UNIT-028-048', 'available', '2024-12-09 17:52:22'),
(596, 28, 'UNIT-028-049', 'available', '2024-12-09 17:52:22'),
(597, 28, 'UNIT-028-050', 'available', '2024-12-09 17:52:22'),
(598, 28, 'UNIT-028-051', 'available', '2024-12-09 17:52:22'),
(599, 28, 'UNIT-028-052', 'available', '2024-12-09 17:52:22'),
(600, 28, 'UNIT-028-053', 'available', '2024-12-09 17:52:22'),
(601, 28, 'UNIT-028-054', 'available', '2024-12-09 17:52:22'),
(602, 28, 'UNIT-028-055', 'available', '2024-12-09 17:52:22'),
(603, 28, 'UNIT-028-056', 'available', '2024-12-09 17:52:22'),
(604, 28, 'UNIT-028-057', 'available', '2024-12-09 17:52:22'),
(605, 28, 'UNIT-028-058', 'available', '2024-12-09 17:52:22'),
(606, 28, 'UNIT-028-059', 'available', '2024-12-09 17:52:22'),
(607, 28, 'UNIT-028-060', 'available', '2024-12-09 17:52:22'),
(608, 28, 'UNIT-028-061', 'available', '2024-12-09 17:52:22'),
(609, 28, 'UNIT-028-062', 'available', '2024-12-09 17:52:22'),
(610, 28, 'UNIT-028-063', 'available', '2024-12-09 17:52:22'),
(611, 28, 'UNIT-028-064', 'available', '2024-12-09 17:52:22'),
(612, 28, 'UNIT-028-065', 'available', '2024-12-09 17:52:22'),
(613, 28, 'UNIT-028-066', 'available', '2024-12-09 17:52:22'),
(614, 28, 'UNIT-028-067', 'available', '2024-12-09 17:52:22'),
(615, 28, 'UNIT-028-068', 'available', '2024-12-09 17:52:22'),
(616, 28, 'UNIT-028-069', 'available', '2024-12-09 17:52:22'),
(617, 28, 'UNIT-028-070', 'available', '2024-12-09 17:52:22'),
(618, 28, 'UNIT-028-071', 'available', '2024-12-09 17:52:22'),
(619, 28, 'UNIT-028-072', 'available', '2024-12-09 17:52:22'),
(620, 28, 'UNIT-028-073', 'available', '2024-12-09 17:52:22'),
(621, 28, 'UNIT-028-074', 'available', '2024-12-09 17:52:22'),
(622, 28, 'UNIT-028-075', 'available', '2024-12-09 17:52:22'),
(623, 28, 'UNIT-028-076', 'available', '2024-12-09 17:52:22'),
(624, 28, 'UNIT-028-077', 'available', '2024-12-09 17:52:22'),
(625, 28, 'UNIT-028-078', 'available', '2024-12-09 17:52:22'),
(626, 28, 'UNIT-028-079', 'available', '2024-12-09 17:52:22'),
(627, 28, 'UNIT-028-080', 'available', '2024-12-09 17:52:22'),
(628, 28, 'UNIT-028-081', 'available', '2024-12-09 17:52:22'),
(629, 28, 'UNIT-028-082', 'available', '2024-12-09 17:52:22'),
(630, 28, 'UNIT-028-083', 'available', '2024-12-09 17:52:22'),
(631, 28, 'UNIT-028-084', 'available', '2024-12-09 17:52:22'),
(632, 28, 'UNIT-028-085', 'available', '2024-12-09 17:52:22'),
(633, 28, 'UNIT-028-086', 'available', '2024-12-09 17:52:22'),
(634, 28, 'UNIT-028-087', 'available', '2024-12-09 17:52:22'),
(635, 28, 'UNIT-028-088', 'available', '2024-12-09 17:52:22'),
(636, 28, 'UNIT-028-089', 'available', '2024-12-09 17:52:22'),
(637, 28, 'UNIT-028-090', 'available', '2024-12-09 17:52:22'),
(638, 28, 'UNIT-028-091', 'available', '2024-12-09 17:52:22'),
(639, 28, 'UNIT-028-092', 'available', '2024-12-09 17:52:22'),
(640, 28, 'UNIT-028-093', 'available', '2024-12-09 17:52:22'),
(641, 28, 'UNIT-028-094', 'available', '2024-12-09 17:52:22'),
(642, 28, 'UNIT-028-095', 'available', '2024-12-09 17:52:22'),
(643, 28, 'UNIT-028-096', 'available', '2024-12-09 17:52:22'),
(644, 28, 'UNIT-028-097', 'available', '2024-12-09 17:52:22'),
(645, 28, 'UNIT-028-098', 'available', '2024-12-09 17:52:22'),
(646, 28, 'UNIT-028-099', 'available', '2024-12-09 17:52:22'),
(647, 28, 'UNIT-028-100', 'available', '2024-12-09 17:52:22'),
(648, 28, 'UNIT-028-101', 'available', '2024-12-09 17:52:22'),
(649, 28, 'UNIT-028-102', 'available', '2024-12-09 17:52:22'),
(650, 28, 'UNIT-028-103', 'available', '2024-12-09 17:52:22'),
(651, 28, 'UNIT-028-104', 'available', '2024-12-09 17:52:22'),
(652, 28, 'UNIT-028-105', 'available', '2024-12-09 17:52:22'),
(653, 28, 'UNIT-028-106', 'available', '2024-12-09 17:52:22'),
(654, 28, 'UNIT-028-107', 'available', '2024-12-09 17:52:22'),
(655, 28, 'UNIT-028-108', 'available', '2024-12-09 17:52:22'),
(656, 28, 'UNIT-028-109', 'available', '2024-12-09 17:52:22'),
(657, 28, 'UNIT-028-110', 'available', '2024-12-09 17:52:22'),
(658, 28, 'UNIT-028-111', 'available', '2024-12-09 17:52:22'),
(659, 28, 'UNIT-028-112', 'available', '2024-12-09 17:52:22'),
(660, 28, 'UNIT-028-113', 'available', '2024-12-09 17:52:22'),
(661, 28, 'UNIT-028-114', 'available', '2024-12-09 17:52:22'),
(662, 28, 'UNIT-028-115', 'available', '2024-12-09 17:52:22'),
(663, 28, 'UNIT-028-116', 'available', '2024-12-09 17:52:22'),
(664, 28, 'UNIT-028-117', 'available', '2024-12-09 17:52:22'),
(665, 28, 'UNIT-028-118', 'available', '2024-12-09 17:52:22'),
(666, 28, 'UNIT-028-119', 'available', '2024-12-09 17:52:22'),
(667, 28, 'UNIT-028-120', 'available', '2024-12-09 17:52:22'),
(668, 28, 'UNIT-028-121', 'available', '2024-12-09 17:52:22'),
(669, 28, 'UNIT-028-122', 'available', '2024-12-09 17:52:22'),
(670, 28, 'UNIT-028-123', 'available', '2024-12-09 17:52:22'),
(671, 28, 'UNIT-028-124', 'available', '2024-12-09 17:52:22'),
(672, 28, 'UNIT-028-125', 'available', '2024-12-09 17:52:22'),
(673, 28, 'UNIT-028-126', 'available', '2024-12-09 17:52:22'),
(674, 28, 'UNIT-028-127', 'available', '2024-12-09 17:52:22'),
(675, 28, 'UNIT-028-128', 'available', '2024-12-09 17:52:22'),
(676, 28, 'UNIT-028-129', 'available', '2024-12-09 17:52:22'),
(677, 28, 'UNIT-028-130', 'available', '2024-12-09 17:52:22'),
(678, 28, 'UNIT-028-131', 'available', '2024-12-09 17:52:22'),
(679, 28, 'UNIT-028-132', 'available', '2024-12-09 17:52:22'),
(680, 28, 'UNIT-028-133', 'available', '2024-12-09 17:52:22'),
(681, 28, 'UNIT-028-134', 'available', '2024-12-09 17:52:22'),
(682, 28, 'UNIT-028-135', 'available', '2024-12-09 17:52:22'),
(683, 28, 'UNIT-028-136', 'available', '2024-12-09 17:52:22'),
(684, 28, 'UNIT-028-137', 'available', '2024-12-09 17:52:22'),
(685, 28, 'UNIT-028-138', 'available', '2024-12-09 17:52:22'),
(686, 28, 'UNIT-028-139', 'available', '2024-12-09 17:52:22'),
(687, 28, 'UNIT-028-140', 'available', '2024-12-09 17:52:22'),
(688, 28, 'UNIT-028-141', 'available', '2024-12-09 17:52:22'),
(689, 28, 'UNIT-028-142', 'available', '2024-12-09 17:52:22'),
(690, 28, 'UNIT-028-143', 'available', '2024-12-09 17:52:22'),
(691, 28, 'UNIT-028-144', 'available', '2024-12-09 17:52:22'),
(692, 28, 'UNIT-028-145', 'available', '2024-12-09 17:52:22'),
(693, 28, 'UNIT-028-146', 'available', '2024-12-09 17:52:22'),
(694, 28, 'UNIT-028-147', 'available', '2024-12-09 17:52:22'),
(695, 28, 'UNIT-028-148', 'available', '2024-12-09 17:52:22'),
(696, 28, 'UNIT-028-149', 'available', '2024-12-09 17:52:22'),
(697, 28, 'UNIT-028-150', 'available', '2024-12-09 17:52:22'),
(698, 28, 'UNIT-028-151', 'available', '2024-12-09 17:52:22'),
(699, 28, 'UNIT-028-152', 'available', '2024-12-09 17:52:22'),
(700, 28, 'UNIT-028-153', 'available', '2024-12-09 17:52:22'),
(701, 28, 'UNIT-028-154', 'available', '2024-12-09 17:52:22'),
(702, 28, 'UNIT-028-155', 'available', '2024-12-09 17:52:22'),
(703, 28, 'UNIT-028-156', 'available', '2024-12-09 17:52:22'),
(704, 28, 'UNIT-028-157', 'available', '2024-12-09 17:52:22'),
(705, 28, 'UNIT-028-158', 'available', '2024-12-09 17:52:22'),
(706, 28, 'UNIT-028-159', 'available', '2024-12-09 17:52:22'),
(707, 28, 'UNIT-028-160', 'available', '2024-12-09 17:52:22'),
(708, 28, 'UNIT-028-161', 'available', '2024-12-09 17:52:22'),
(709, 28, 'UNIT-028-162', 'available', '2024-12-09 17:52:22'),
(710, 28, 'UNIT-028-163', 'available', '2024-12-09 17:52:22'),
(711, 28, 'UNIT-028-164', 'available', '2024-12-09 17:52:22'),
(712, 28, 'UNIT-028-165', 'available', '2024-12-09 17:52:22'),
(713, 28, 'UNIT-028-166', 'available', '2024-12-09 17:52:22'),
(714, 28, 'UNIT-028-167', 'available', '2024-12-09 17:52:22'),
(715, 28, 'UNIT-028-168', 'available', '2024-12-09 17:52:22'),
(716, 28, 'UNIT-028-169', 'available', '2024-12-09 17:52:22'),
(717, 28, 'UNIT-028-170', 'available', '2024-12-09 17:52:22'),
(718, 28, 'UNIT-028-171', 'available', '2024-12-09 17:52:22'),
(719, 28, 'UNIT-028-172', 'available', '2024-12-09 17:52:22'),
(720, 28, 'UNIT-028-173', 'available', '2024-12-09 17:52:22'),
(721, 28, 'UNIT-028-174', 'available', '2024-12-09 17:52:22'),
(722, 28, 'UNIT-028-175', 'available', '2024-12-09 17:52:22'),
(723, 28, 'UNIT-028-176', 'available', '2024-12-09 17:52:22'),
(724, 28, 'UNIT-028-177', 'available', '2024-12-09 17:52:22'),
(725, 28, 'UNIT-028-178', 'available', '2024-12-09 17:52:22'),
(726, 28, 'UNIT-028-179', 'available', '2024-12-09 17:52:22'),
(727, 28, 'UNIT-028-180', 'available', '2024-12-09 17:52:22'),
(728, 28, 'UNIT-028-181', 'available', '2024-12-09 17:52:22'),
(729, 28, 'UNIT-028-182', 'available', '2024-12-09 17:52:22'),
(730, 28, 'UNIT-028-183', 'available', '2024-12-09 17:52:22'),
(731, 28, 'UNIT-028-184', 'available', '2024-12-09 17:52:22'),
(732, 28, 'UNIT-028-185', 'available', '2024-12-09 17:52:22'),
(733, 28, 'UNIT-028-186', 'available', '2024-12-09 17:52:22'),
(734, 28, 'UNIT-028-187', 'available', '2024-12-09 17:52:22'),
(735, 28, 'UNIT-028-188', 'available', '2024-12-09 17:52:22'),
(736, 28, 'UNIT-028-189', 'available', '2024-12-09 17:52:22'),
(737, 28, 'UNIT-028-190', 'available', '2024-12-09 17:52:22'),
(738, 28, 'UNIT-028-191', 'available', '2024-12-09 17:52:22'),
(739, 28, 'UNIT-028-192', 'available', '2024-12-09 17:52:22'),
(740, 28, 'UNIT-028-193', 'available', '2024-12-09 17:52:22'),
(741, 28, 'UNIT-028-194', 'available', '2024-12-09 17:52:22'),
(742, 28, 'UNIT-028-195', 'available', '2024-12-09 17:52:22'),
(743, 28, 'UNIT-028-196', 'available', '2024-12-09 17:52:22'),
(744, 28, 'UNIT-028-197', 'available', '2024-12-09 17:52:22'),
(745, 28, 'UNIT-028-198', 'available', '2024-12-09 17:52:22'),
(746, 28, 'UNIT-028-199', 'available', '2024-12-09 17:52:22'),
(747, 28, 'UNIT-028-200', 'available', '2024-12-09 17:52:22'),
(748, 28, 'UNIT-028-201', 'available', '2024-12-09 17:52:22'),
(749, 28, 'UNIT-028-202', 'available', '2024-12-09 17:52:22'),
(750, 28, 'UNIT-028-203', 'available', '2024-12-09 17:52:22'),
(751, 28, 'UNIT-028-204', 'available', '2024-12-09 17:52:22'),
(752, 28, 'UNIT-028-205', 'available', '2024-12-09 17:52:22'),
(753, 28, 'UNIT-028-206', 'available', '2024-12-09 17:52:22'),
(754, 28, 'UNIT-028-207', 'available', '2024-12-09 17:52:22'),
(755, 28, 'UNIT-028-208', 'available', '2024-12-09 17:52:22'),
(756, 28, 'UNIT-028-209', 'available', '2024-12-09 17:52:22'),
(757, 28, 'UNIT-028-210', 'available', '2024-12-09 17:52:22'),
(758, 28, 'UNIT-028-211', 'available', '2024-12-09 17:52:22'),
(759, 28, 'UNIT-028-212', 'available', '2024-12-09 17:52:22'),
(760, 28, 'UNIT-028-213', 'available', '2024-12-09 17:52:22'),
(761, 28, 'UNIT-028-214', 'available', '2024-12-09 17:52:22'),
(762, 28, 'UNIT-028-215', 'available', '2024-12-09 17:52:22'),
(763, 28, 'UNIT-028-216', 'available', '2024-12-09 17:52:22'),
(764, 28, 'UNIT-028-217', 'available', '2024-12-09 17:52:22'),
(765, 28, 'UNIT-028-218', 'available', '2024-12-09 17:52:22'),
(766, 28, 'UNIT-028-219', 'available', '2024-12-09 17:52:22'),
(767, 28, 'UNIT-028-220', 'available', '2024-12-09 17:52:22'),
(768, 28, 'UNIT-028-221', 'available', '2024-12-09 17:52:22'),
(769, 28, 'UNIT-028-222', 'available', '2024-12-09 17:52:22'),
(770, 28, 'UNIT-028-223', 'available', '2024-12-09 17:52:22'),
(771, 28, 'UNIT-028-224', 'available', '2024-12-09 17:52:22'),
(772, 28, 'UNIT-028-225', 'available', '2024-12-09 17:52:22'),
(773, 28, 'UNIT-028-226', 'available', '2024-12-09 17:52:22'),
(774, 28, 'UNIT-028-227', 'available', '2024-12-09 17:52:22'),
(775, 28, 'UNIT-028-228', 'available', '2024-12-09 17:52:22'),
(776, 28, 'UNIT-028-229', 'available', '2024-12-09 17:52:22'),
(777, 28, 'UNIT-028-230', 'available', '2024-12-09 17:52:22'),
(778, 28, 'UNIT-028-231', 'available', '2024-12-09 17:52:22'),
(779, 28, 'UNIT-028-232', 'available', '2024-12-09 17:52:22'),
(780, 28, 'UNIT-028-233', 'available', '2024-12-09 17:52:22'),
(781, 28, 'UNIT-028-234', 'available', '2024-12-09 17:52:22'),
(782, 28, 'UNIT-028-235', 'available', '2024-12-09 17:52:22'),
(783, 28, 'UNIT-028-236', 'available', '2024-12-09 17:52:22'),
(784, 28, 'UNIT-028-237', 'available', '2024-12-09 17:52:22'),
(785, 28, 'UNIT-028-238', 'available', '2024-12-09 17:52:22'),
(786, 28, 'UNIT-028-239', 'available', '2024-12-09 17:52:22'),
(787, 28, 'UNIT-028-240', 'available', '2024-12-09 17:52:22'),
(788, 28, 'UNIT-028-241', 'available', '2024-12-09 17:52:22'),
(789, 28, 'UNIT-028-242', 'available', '2024-12-09 17:52:22'),
(790, 28, 'UNIT-028-243', 'available', '2024-12-09 17:52:22'),
(791, 28, 'UNIT-028-244', 'available', '2024-12-09 17:52:22'),
(792, 28, 'UNIT-028-245', 'available', '2024-12-09 17:52:22'),
(793, 28, 'UNIT-028-246', 'available', '2024-12-09 17:52:22'),
(794, 28, 'UNIT-028-247', 'available', '2024-12-09 17:52:22'),
(795, 28, 'UNIT-028-248', 'available', '2024-12-09 17:52:22'),
(796, 28, 'UNIT-028-249', 'available', '2024-12-09 17:52:22'),
(797, 28, 'UNIT-028-250', 'available', '2024-12-09 17:52:22'),
(798, 28, 'UNIT-028-251', 'available', '2024-12-09 17:52:22'),
(799, 28, 'UNIT-028-252', 'available', '2024-12-09 17:52:22'),
(800, 28, 'UNIT-028-253', 'available', '2024-12-09 17:52:22'),
(801, 28, 'UNIT-028-254', 'available', '2024-12-09 17:52:22'),
(802, 28, 'UNIT-028-255', 'available', '2024-12-09 17:52:22'),
(803, 28, 'UNIT-028-256', 'available', '2024-12-09 17:52:22'),
(804, 28, 'UNIT-028-257', 'available', '2024-12-09 17:52:22'),
(805, 28, 'UNIT-028-258', 'available', '2024-12-09 17:52:22'),
(806, 28, 'UNIT-028-259', 'available', '2024-12-09 17:52:22'),
(807, 28, 'UNIT-028-260', 'available', '2024-12-09 17:52:22'),
(808, 28, 'UNIT-028-261', 'available', '2024-12-09 17:52:22'),
(809, 28, 'UNIT-028-262', 'available', '2024-12-09 17:52:22'),
(810, 28, 'UNIT-028-263', 'available', '2024-12-09 17:52:22'),
(811, 28, 'UNIT-028-264', 'available', '2024-12-09 17:52:22'),
(812, 28, 'UNIT-028-265', 'available', '2024-12-09 17:52:22'),
(813, 28, 'UNIT-028-266', 'available', '2024-12-09 17:52:22'),
(814, 28, 'UNIT-028-267', 'available', '2024-12-09 17:52:22'),
(815, 28, 'UNIT-028-268', 'available', '2024-12-09 17:52:22'),
(816, 28, 'UNIT-028-269', 'available', '2024-12-09 17:52:22'),
(817, 28, 'UNIT-028-270', 'available', '2024-12-09 17:52:22'),
(818, 28, 'UNIT-028-271', 'available', '2024-12-09 17:52:22'),
(819, 28, 'UNIT-028-272', 'available', '2024-12-09 17:52:22'),
(820, 28, 'UNIT-028-273', 'available', '2024-12-09 17:52:22'),
(821, 28, 'UNIT-028-274', 'available', '2024-12-09 17:52:22'),
(822, 28, 'UNIT-028-275', 'available', '2024-12-09 17:52:22'),
(823, 28, 'UNIT-028-276', 'available', '2024-12-09 17:52:22'),
(824, 28, 'UNIT-028-277', 'available', '2024-12-09 17:52:22'),
(825, 28, 'UNIT-028-278', 'available', '2024-12-09 17:52:22'),
(826, 28, 'UNIT-028-279', 'available', '2024-12-09 17:52:22'),
(827, 28, 'UNIT-028-280', 'available', '2024-12-09 17:52:22'),
(828, 28, 'UNIT-028-281', 'available', '2024-12-09 17:52:22'),
(829, 28, 'UNIT-028-282', 'available', '2024-12-09 17:52:22'),
(830, 28, 'UNIT-028-283', 'available', '2024-12-09 17:52:22'),
(831, 28, 'UNIT-028-284', 'available', '2024-12-09 17:52:22'),
(832, 28, 'UNIT-028-285', 'available', '2024-12-09 17:52:22'),
(833, 28, 'UNIT-028-286', 'available', '2024-12-09 17:52:22'),
(834, 28, 'UNIT-028-287', 'available', '2024-12-09 17:52:22'),
(835, 28, 'UNIT-028-288', 'available', '2024-12-09 17:52:22'),
(836, 28, 'UNIT-028-289', 'available', '2024-12-09 17:52:22'),
(837, 28, 'UNIT-028-290', 'available', '2024-12-09 17:52:22'),
(838, 28, 'UNIT-028-291', 'available', '2024-12-09 17:52:22'),
(839, 28, 'UNIT-028-292', 'available', '2024-12-09 17:52:22'),
(840, 28, 'UNIT-028-293', 'available', '2024-12-09 17:52:22'),
(841, 28, 'UNIT-028-294', 'available', '2024-12-09 17:52:22'),
(842, 28, 'UNIT-028-295', 'available', '2024-12-09 17:52:22'),
(843, 28, 'UNIT-028-296', 'available', '2024-12-09 17:52:22'),
(844, 28, 'UNIT-028-297', 'available', '2024-12-09 17:52:22'),
(845, 28, 'UNIT-028-298', 'available', '2024-12-09 17:52:22'),
(846, 28, 'UNIT-028-299', 'available', '2024-12-09 17:52:22'),
(847, 28, 'UNIT-028-300', 'available', '2024-12-09 17:52:22'),
(848, 28, 'UNIT-028-301', 'available', '2024-12-09 17:52:22'),
(849, 28, 'UNIT-028-302', 'available', '2024-12-09 17:52:22'),
(850, 28, 'UNIT-028-303', 'available', '2024-12-09 17:52:22'),
(851, 28, 'UNIT-028-304', 'available', '2024-12-09 17:52:22'),
(852, 28, 'UNIT-028-305', 'available', '2024-12-09 17:52:22'),
(853, 28, 'UNIT-028-306', 'available', '2024-12-09 17:52:22'),
(854, 28, 'UNIT-028-307', 'available', '2024-12-09 17:52:22'),
(855, 28, 'UNIT-028-308', 'available', '2024-12-09 17:52:22'),
(856, 28, 'UNIT-028-309', 'available', '2024-12-09 17:52:22'),
(857, 28, 'UNIT-028-310', 'available', '2024-12-09 17:52:22'),
(858, 28, 'UNIT-028-311', 'available', '2024-12-09 17:52:22'),
(859, 28, 'UNIT-028-312', 'available', '2024-12-09 17:52:22'),
(860, 28, 'UNIT-028-313', 'available', '2024-12-09 17:52:22'),
(861, 28, 'UNIT-028-314', 'available', '2024-12-09 17:52:22'),
(862, 28, 'UNIT-028-315', 'available', '2024-12-09 17:52:22'),
(863, 28, 'UNIT-028-316', 'available', '2024-12-09 17:52:22'),
(864, 28, 'UNIT-028-317', 'available', '2024-12-09 17:52:22'),
(865, 28, 'UNIT-028-318', 'available', '2024-12-09 17:52:22'),
(866, 28, 'UNIT-028-319', 'available', '2024-12-09 17:52:22'),
(867, 28, 'UNIT-028-320', 'available', '2024-12-09 17:52:22'),
(868, 28, 'UNIT-028-321', 'available', '2024-12-09 17:52:22'),
(869, 28, 'UNIT-028-322', 'available', '2024-12-09 17:52:22'),
(870, 28, 'UNIT-028-323', 'available', '2024-12-09 17:52:22'),
(871, 28, 'UNIT-028-324', 'available', '2024-12-09 17:52:22'),
(872, 28, 'UNIT-028-325', 'available', '2024-12-09 17:52:22'),
(873, 28, 'UNIT-028-326', 'available', '2024-12-09 17:52:22'),
(874, 28, 'UNIT-028-327', 'available', '2024-12-09 17:52:22'),
(875, 28, 'UNIT-028-328', 'available', '2024-12-09 17:52:22'),
(876, 28, 'UNIT-028-329', 'available', '2024-12-09 17:52:22'),
(877, 28, 'UNIT-028-330', 'available', '2024-12-09 17:52:22'),
(878, 28, 'UNIT-028-331', 'available', '2024-12-09 17:52:22'),
(879, 28, 'UNIT-028-332', 'available', '2024-12-09 17:52:22'),
(880, 28, 'UNIT-028-333', 'available', '2024-12-09 17:52:22'),
(881, 28, 'UNIT-028-334', 'available', '2024-12-09 17:52:22'),
(882, 28, 'UNIT-028-335', 'available', '2024-12-09 17:52:22'),
(883, 28, 'UNIT-028-336', 'available', '2024-12-09 17:52:22'),
(884, 28, 'UNIT-028-337', 'available', '2024-12-09 17:52:22'),
(885, 28, 'UNIT-028-338', 'available', '2024-12-09 17:52:22'),
(886, 28, 'UNIT-028-339', 'available', '2024-12-09 17:52:22'),
(887, 28, 'UNIT-028-340', 'available', '2024-12-09 17:52:22'),
(888, 28, 'UNIT-028-341', 'available', '2024-12-09 17:52:22'),
(889, 28, 'UNIT-028-342', 'available', '2024-12-09 17:52:22'),
(890, 28, 'UNIT-028-343', 'available', '2024-12-09 17:52:22'),
(891, 28, 'UNIT-028-344', 'available', '2024-12-09 17:52:22'),
(892, 28, 'UNIT-028-345', 'available', '2024-12-09 17:52:22'),
(893, 28, 'UNIT-028-346', 'available', '2024-12-09 17:52:22'),
(894, 28, 'UNIT-028-347', 'available', '2024-12-09 17:52:22'),
(895, 28, 'UNIT-028-348', 'available', '2024-12-09 17:52:22'),
(896, 28, 'UNIT-028-349', 'available', '2024-12-09 17:52:22'),
(897, 28, 'UNIT-028-350', 'available', '2024-12-09 17:52:22'),
(898, 28, 'UNIT-028-351', 'available', '2024-12-09 17:52:22'),
(899, 28, 'UNIT-028-352', 'available', '2024-12-09 17:52:22'),
(900, 28, 'UNIT-028-353', 'available', '2024-12-09 17:52:22'),
(901, 28, 'UNIT-028-354', 'available', '2024-12-09 17:52:22'),
(902, 28, 'UNIT-028-355', 'available', '2024-12-09 17:52:22'),
(903, 28, 'UNIT-028-356', 'available', '2024-12-09 17:52:22'),
(904, 28, 'UNIT-028-357', 'available', '2024-12-09 17:52:22'),
(905, 28, 'UNIT-028-358', 'available', '2024-12-09 17:52:22'),
(906, 28, 'UNIT-028-359', 'available', '2024-12-09 17:52:22'),
(907, 28, 'UNIT-028-360', 'available', '2024-12-09 17:52:22'),
(908, 28, 'UNIT-028-361', 'available', '2024-12-09 17:52:22'),
(909, 28, 'UNIT-028-362', 'available', '2024-12-09 17:52:22'),
(910, 28, 'UNIT-028-363', 'available', '2024-12-09 17:52:22'),
(911, 28, 'UNIT-028-364', 'available', '2024-12-09 17:52:22'),
(912, 28, 'UNIT-028-365', 'available', '2024-12-09 17:52:22'),
(913, 28, 'UNIT-028-366', 'available', '2024-12-09 17:52:22'),
(914, 28, 'UNIT-028-367', 'available', '2024-12-09 17:52:22'),
(915, 28, 'UNIT-028-368', 'available', '2024-12-09 17:52:22'),
(916, 28, 'UNIT-028-369', 'available', '2024-12-09 17:52:22'),
(917, 28, 'UNIT-028-370', 'available', '2024-12-09 17:52:22'),
(918, 28, 'UNIT-028-371', 'available', '2024-12-09 17:52:22'),
(919, 28, 'UNIT-028-372', 'available', '2024-12-09 17:52:22'),
(920, 28, 'UNIT-028-373', 'available', '2024-12-09 17:52:22'),
(921, 28, 'UNIT-028-374', 'available', '2024-12-09 17:52:22'),
(922, 28, 'UNIT-028-375', 'available', '2024-12-09 17:52:22'),
(923, 28, 'UNIT-028-376', 'available', '2024-12-09 17:52:22'),
(924, 28, 'UNIT-028-377', 'available', '2024-12-09 17:52:22'),
(925, 28, 'UNIT-028-378', 'available', '2024-12-09 17:52:22'),
(926, 28, 'UNIT-028-379', 'available', '2024-12-09 17:52:22'),
(927, 28, 'UNIT-028-380', 'available', '2024-12-09 17:52:22'),
(928, 28, 'UNIT-028-381', 'available', '2024-12-09 17:52:22'),
(929, 28, 'UNIT-028-382', 'available', '2024-12-09 17:52:22'),
(930, 28, 'UNIT-028-383', 'available', '2024-12-09 17:52:22'),
(931, 28, 'UNIT-028-384', 'available', '2024-12-09 17:52:22'),
(932, 28, 'UNIT-028-385', 'available', '2024-12-09 17:52:22'),
(933, 28, 'UNIT-028-386', 'available', '2024-12-09 17:52:22'),
(934, 28, 'UNIT-028-387', 'available', '2024-12-09 17:52:22'),
(935, 28, 'UNIT-028-388', 'available', '2024-12-09 17:52:22'),
(936, 28, 'UNIT-028-389', 'available', '2024-12-09 17:52:22'),
(937, 28, 'UNIT-028-390', 'available', '2024-12-09 17:52:22'),
(938, 28, 'UNIT-028-391', 'available', '2024-12-09 17:52:22'),
(939, 28, 'UNIT-028-392', 'available', '2024-12-09 17:52:22'),
(940, 28, 'UNIT-028-393', 'available', '2024-12-09 17:52:22'),
(941, 28, 'UNIT-028-394', 'available', '2024-12-09 17:52:22'),
(942, 28, 'UNIT-028-395', 'available', '2024-12-09 17:52:22'),
(943, 28, 'UNIT-028-396', 'available', '2024-12-09 17:52:22'),
(944, 28, 'UNIT-028-397', 'available', '2024-12-09 17:52:22'),
(945, 28, 'UNIT-028-398', 'available', '2024-12-09 17:52:22'),
(946, 28, 'UNIT-028-399', 'available', '2024-12-09 17:52:22'),
(947, 28, 'UNIT-028-400', 'available', '2024-12-09 17:52:22'),
(948, 28, 'UNIT-028-401', 'available', '2024-12-09 17:52:22'),
(949, 28, 'UNIT-028-402', 'available', '2024-12-09 17:52:22'),
(950, 28, 'UNIT-028-403', 'available', '2024-12-09 17:52:22'),
(951, 28, 'UNIT-028-404', 'available', '2024-12-09 17:52:22'),
(952, 28, 'UNIT-028-405', 'available', '2024-12-09 17:52:22'),
(953, 28, 'UNIT-028-406', 'available', '2024-12-09 17:52:22'),
(954, 28, 'UNIT-028-407', 'available', '2024-12-09 17:52:22'),
(955, 28, 'UNIT-028-408', 'available', '2024-12-09 17:52:22'),
(956, 28, 'UNIT-028-409', 'available', '2024-12-09 17:52:22'),
(957, 28, 'UNIT-028-410', 'available', '2024-12-09 17:52:22'),
(958, 28, 'UNIT-028-411', 'available', '2024-12-09 17:52:22'),
(959, 28, 'UNIT-028-412', 'available', '2024-12-09 17:52:22'),
(960, 28, 'UNIT-028-413', 'available', '2024-12-09 17:52:22'),
(961, 28, 'UNIT-028-414', 'available', '2024-12-09 17:52:22'),
(962, 28, 'UNIT-028-415', 'available', '2024-12-09 17:52:22'),
(963, 28, 'UNIT-028-416', 'available', '2024-12-09 17:52:22'),
(964, 28, 'UNIT-028-417', 'available', '2024-12-09 17:52:22'),
(965, 28, 'UNIT-028-418', 'available', '2024-12-09 17:52:22'),
(966, 28, 'UNIT-028-419', 'available', '2024-12-09 17:52:22'),
(967, 28, 'UNIT-028-420', 'available', '2024-12-09 17:52:22'),
(968, 28, 'UNIT-028-421', 'available', '2024-12-09 17:52:22'),
(969, 29, 'UNIT-029-001', 'available', '2024-12-09 18:07:47'),
(970, 29, 'UNIT-029-002', 'available', '2024-12-09 18:07:47'),
(971, 29, 'UNIT-029-003', 'available', '2024-12-09 18:07:47'),
(972, 29, 'UNIT-029-004', 'available', '2024-12-09 18:07:47'),
(973, 29, 'UNIT-029-005', 'available', '2024-12-09 18:07:47'),
(974, 29, 'UNIT-029-006', 'available', '2024-12-09 18:07:47'),
(975, 29, 'UNIT-029-007', 'available', '2024-12-09 18:07:47'),
(976, 29, 'UNIT-029-008', 'available', '2024-12-09 18:07:47'),
(977, 29, 'UNIT-029-009', 'available', '2024-12-09 18:07:47'),
(978, 29, 'UNIT-029-010', 'available', '2024-12-09 18:07:47'),
(979, 29, 'UNIT-029-011', 'available', '2024-12-09 18:07:47'),
(980, 29, 'UNIT-029-012', 'available', '2024-12-09 18:07:47'),
(981, 29, 'UNIT-029-013', 'available', '2024-12-09 18:07:47'),
(982, 29, 'UNIT-029-014', 'available', '2024-12-09 18:07:47'),
(983, 29, 'UNIT-029-015', 'available', '2024-12-09 18:07:47'),
(984, 29, 'UNIT-029-016', 'available', '2024-12-09 18:07:47'),
(985, 29, 'UNIT-029-017', 'available', '2024-12-09 18:07:47'),
(986, 29, 'UNIT-029-018', 'available', '2024-12-09 18:07:47'),
(987, 29, 'UNIT-029-019', 'available', '2024-12-09 18:07:47'),
(988, 29, 'UNIT-029-020', 'available', '2024-12-09 18:07:47'),
(989, 29, 'UNIT-029-021', 'available', '2024-12-09 18:07:47'),
(990, 29, 'UNIT-029-022', 'available', '2024-12-09 18:07:47'),
(991, 29, 'UNIT-029-023', 'available', '2024-12-09 18:07:47'),
(992, 29, 'UNIT-029-024', 'available', '2024-12-09 18:07:47'),
(993, 29, 'UNIT-029-025', 'available', '2024-12-09 18:07:47'),
(994, 29, 'UNIT-029-026', 'available', '2024-12-09 18:07:47'),
(995, 29, 'UNIT-029-027', 'available', '2024-12-09 18:07:47'),
(996, 29, 'UNIT-029-028', 'available', '2024-12-09 18:07:47'),
(997, 29, 'UNIT-029-029', 'available', '2024-12-09 18:07:47'),
(998, 29, 'UNIT-029-030', 'available', '2024-12-09 18:07:47'),
(999, 29, 'UNIT-029-031', 'available', '2024-12-09 18:07:47'),
(1000, 29, 'UNIT-029-032', 'available', '2024-12-09 18:07:47'),
(1001, 30, 'UNIT-030-001', 'available', '2024-12-09 18:08:54'),
(1002, 30, 'UNIT-030-002', 'available', '2024-12-09 18:08:54'),
(1003, 30, 'UNIT-030-003', 'available', '2024-12-09 18:08:54'),
(1004, 30, 'UNIT-030-004', 'available', '2024-12-09 18:08:54'),
(1005, 30, 'UNIT-030-005', 'available', '2024-12-09 18:08:54'),
(1006, 30, 'UNIT-030-006', 'available', '2024-12-09 18:08:54'),
(1007, 30, 'UNIT-030-007', 'available', '2024-12-09 18:08:54'),
(1008, 30, 'UNIT-030-008', 'available', '2024-12-09 18:08:54'),
(1009, 30, 'UNIT-030-009', 'available', '2024-12-09 18:08:54'),
(1010, 30, 'UNIT-030-010', 'available', '2024-12-09 18:08:54'),
(1011, 30, 'UNIT-030-011', 'available', '2024-12-09 18:08:54'),
(1012, 30, 'UNIT-030-012', 'available', '2024-12-09 18:08:54'),
(1013, 30, 'UNIT-030-013', 'available', '2024-12-09 18:08:54'),
(1014, 30, 'UNIT-030-014', 'available', '2024-12-09 18:08:54'),
(1015, 30, 'UNIT-030-015', 'available', '2024-12-09 18:08:54'),
(1016, 30, 'UNIT-030-016', 'available', '2024-12-09 18:08:54'),
(1017, 30, 'UNIT-030-017', 'available', '2024-12-09 18:08:54'),
(1018, 30, 'UNIT-030-018', 'available', '2024-12-09 18:08:54'),
(1019, 30, 'UNIT-030-019', 'available', '2024-12-09 18:08:54'),
(1020, 30, 'UNIT-030-020', 'available', '2024-12-09 18:08:54'),
(1021, 30, 'UNIT-030-021', 'available', '2024-12-09 18:08:54'),
(1022, 30, 'UNIT-030-022', 'available', '2024-12-09 18:08:54'),
(1023, 30, 'UNIT-030-023', 'available', '2024-12-09 18:08:54'),
(1024, 30, 'UNIT-030-024', 'available', '2024-12-09 18:08:54'),
(1025, 30, 'UNIT-030-025', 'available', '2024-12-09 18:08:54'),
(1026, 30, 'UNIT-030-026', 'available', '2024-12-09 18:08:54'),
(1027, 30, 'UNIT-030-027', 'available', '2024-12-09 18:08:54'),
(1028, 30, 'UNIT-030-028', 'available', '2024-12-09 18:08:54'),
(1029, 30, 'UNIT-030-029', 'available', '2024-12-09 18:08:54'),
(1030, 30, 'UNIT-030-030', 'available', '2024-12-09 18:08:54'),
(1031, 30, 'UNIT-030-031', 'available', '2024-12-09 18:08:54'),
(1032, 30, 'UNIT-030-032', 'available', '2024-12-09 18:08:54'),
(1033, 31, 'UNIT-031-001', 'available', '2024-12-09 18:10:23'),
(1034, 31, 'UNIT-031-002', 'available', '2024-12-09 18:10:23'),
(1035, 31, 'UNIT-031-003', 'available', '2024-12-09 18:10:23'),
(1036, 31, 'UNIT-031-004', 'available', '2024-12-09 18:10:23'),
(1037, 31, 'UNIT-031-005', 'available', '2024-12-09 18:10:23'),
(1038, 31, 'UNIT-031-006', 'available', '2024-12-09 18:10:23'),
(1039, 31, 'UNIT-031-007', 'available', '2024-12-09 18:10:23'),
(1040, 31, 'UNIT-031-008', 'available', '2024-12-09 18:10:23'),
(1041, 31, 'UNIT-031-009', 'available', '2024-12-09 18:10:23'),
(1042, 31, 'UNIT-031-010', 'available', '2024-12-09 18:10:23'),
(1043, 31, 'UNIT-031-011', 'available', '2024-12-09 18:10:23'),
(1044, 31, 'UNIT-031-012', 'available', '2024-12-09 18:10:23'),
(1045, 32, 'UNIT-032-001', 'available', '2024-12-10 07:22:09'),
(1046, 32, 'UNIT-032-002', 'available', '2024-12-10 07:22:09'),
(1047, 32, 'UNIT-032-003', 'available', '2024-12-10 07:22:09'),
(1048, 32, 'UNIT-032-004', 'available', '2024-12-10 07:22:09'),
(1049, 32, 'UNIT-032-005', 'available', '2024-12-10 07:22:09'),
(1050, 32, 'UNIT-032-006', 'available', '2024-12-10 07:22:09'),
(1051, 32, 'UNIT-032-007', 'available', '2024-12-10 07:22:09'),
(1052, 32, 'UNIT-032-008', 'available', '2024-12-10 07:22:09'),
(1053, 32, 'UNIT-032-009', 'available', '2024-12-10 07:22:09'),
(1054, 32, 'UNIT-032-010', 'available', '2024-12-10 07:22:09'),
(1055, 32, 'UNIT-032-011', 'available', '2024-12-10 07:22:09'),
(1056, 32, 'UNIT-032-012', 'available', '2024-12-10 07:22:09'),
(1057, 32, 'UNIT-032-013', 'available', '2024-12-10 07:22:09'),
(1058, 32, 'UNIT-032-014', 'available', '2024-12-10 07:22:09'),
(1059, 32, 'UNIT-032-015', 'available', '2024-12-10 07:22:09'),
(1060, 32, 'UNIT-032-016', 'available', '2024-12-10 07:22:09'),
(1061, 32, 'UNIT-032-017', 'available', '2024-12-10 07:22:09'),
(1062, 32, 'UNIT-032-018', 'available', '2024-12-10 07:22:09'),
(1063, 32, 'UNIT-032-019', 'available', '2024-12-10 07:22:09'),
(1064, 32, 'UNIT-032-020', 'available', '2024-12-10 07:22:09'),
(1065, 32, 'UNIT-032-021', 'available', '2024-12-10 07:22:09'),
(1066, 32, 'UNIT-032-022', 'available', '2024-12-10 07:22:09'),
(1067, 32, 'UNIT-032-023', 'available', '2024-12-10 07:22:09'),
(1068, 32, 'UNIT-032-024', 'available', '2024-12-10 07:22:09'),
(1069, 32, 'UNIT-032-025', 'available', '2024-12-10 07:22:09'),
(1070, 32, 'UNIT-032-026', 'available', '2024-12-10 07:22:09'),
(1071, 32, 'UNIT-032-027', 'available', '2024-12-10 07:22:09'),
(1072, 32, 'UNIT-032-028', 'available', '2024-12-10 07:22:09'),
(1073, 32, 'UNIT-032-029', 'available', '2024-12-10 07:22:09'),
(1074, 32, 'UNIT-032-030', 'available', '2024-12-10 07:22:09'),
(1075, 32, 'UNIT-032-031', 'available', '2024-12-10 07:22:09'),
(1076, 32, 'UNIT-032-032', 'available', '2024-12-10 07:22:09'),
(1077, 32, 'UNIT-032-033', 'available', '2024-12-10 07:22:09'),
(1078, 32, 'UNIT-032-034', 'available', '2024-12-10 07:22:09'),
(1079, 32, 'UNIT-032-035', 'available', '2024-12-10 07:22:09'),
(1080, 32, 'UNIT-032-036', 'available', '2024-12-10 07:22:09'),
(1081, 32, 'UNIT-032-037', 'available', '2024-12-10 07:22:09'),
(1082, 32, 'UNIT-032-038', 'available', '2024-12-10 07:22:09'),
(1083, 32, 'UNIT-032-039', 'available', '2024-12-10 07:22:09'),
(1084, 32, 'UNIT-032-040', 'available', '2024-12-10 07:22:09'),
(1085, 32, 'UNIT-032-041', 'available', '2024-12-10 07:22:09'),
(1086, 32, 'UNIT-032-042', 'available', '2024-12-10 07:22:09'),
(1087, 32, 'UNIT-032-043', 'available', '2024-12-10 07:22:09'),
(1088, 32, 'UNIT-032-044', 'available', '2024-12-10 07:22:09'),
(1089, 32, 'UNIT-032-045', 'available', '2024-12-10 07:22:09'),
(1090, 32, 'UNIT-032-046', 'available', '2024-12-10 07:22:09'),
(1091, 32, 'UNIT-032-047', 'available', '2024-12-10 07:22:09'),
(1092, 32, 'UNIT-032-048', 'available', '2024-12-10 07:22:09'),
(1093, 32, 'UNIT-032-049', 'available', '2024-12-10 07:22:09'),
(1094, 32, 'UNIT-032-050', 'available', '2024-12-10 07:22:09'),
(1095, 32, 'UNIT-032-051', 'available', '2024-12-10 07:22:09'),
(1096, 32, 'UNIT-032-052', 'available', '2024-12-10 07:22:09'),
(1097, 32, 'UNIT-032-053', 'available', '2024-12-10 07:22:09'),
(1098, 32, 'UNIT-032-054', 'available', '2024-12-10 07:22:09'),
(1099, 32, 'UNIT-032-055', 'available', '2024-12-10 07:22:09'),
(1100, 32, 'UNIT-032-056', 'available', '2024-12-10 07:22:09'),
(1101, 32, 'UNIT-032-057', 'available', '2024-12-10 07:22:09'),
(1102, 32, 'UNIT-032-058', 'available', '2024-12-10 07:22:09'),
(1103, 32, 'UNIT-032-059', 'available', '2024-12-10 07:22:09'),
(1104, 32, 'UNIT-032-060', 'available', '2024-12-10 07:22:09'),
(1105, 32, 'UNIT-032-061', 'available', '2024-12-10 07:22:09'),
(1106, 32, 'UNIT-032-062', 'available', '2024-12-10 07:22:09'),
(1107, 32, 'UNIT-032-063', 'available', '2024-12-10 07:22:09'),
(1108, 32, 'UNIT-032-064', 'available', '2024-12-10 07:22:09'),
(1109, 32, 'UNIT-032-065', 'available', '2024-12-10 07:22:09'),
(1110, 32, 'UNIT-032-066', 'available', '2024-12-10 07:22:09'),
(1111, 32, 'UNIT-032-067', 'available', '2024-12-10 07:22:09'),
(1112, 32, 'UNIT-032-068', 'available', '2024-12-10 07:22:09'),
(1113, 32, 'UNIT-032-069', 'available', '2024-12-10 07:22:09'),
(1114, 32, 'UNIT-032-070', 'available', '2024-12-10 07:22:09'),
(1115, 32, 'UNIT-032-071', 'available', '2024-12-10 07:22:09'),
(1116, 32, 'UNIT-032-072', 'available', '2024-12-10 07:22:09'),
(1117, 32, 'UNIT-032-073', 'available', '2024-12-10 07:22:09'),
(1118, 32, 'UNIT-032-074', 'available', '2024-12-10 07:22:09'),
(1119, 32, 'UNIT-032-075', 'available', '2024-12-10 07:22:09'),
(1120, 32, 'UNIT-032-076', 'available', '2024-12-10 07:22:09'),
(1121, 32, 'UNIT-032-077', 'available', '2024-12-10 07:22:09'),
(1122, 32, 'UNIT-032-078', 'available', '2024-12-10 07:22:09'),
(1123, 32, 'UNIT-032-079', 'available', '2024-12-10 07:22:09'),
(1124, 32, 'UNIT-032-080', 'available', '2024-12-10 07:22:09'),
(1125, 32, 'UNIT-032-081', 'available', '2024-12-10 07:22:09'),
(1126, 32, 'UNIT-032-082', 'available', '2024-12-10 07:22:09'),
(1127, 32, 'UNIT-032-083', 'available', '2024-12-10 07:22:09'),
(1128, 32, 'UNIT-032-084', 'available', '2024-12-10 07:22:09'),
(1129, 32, 'UNIT-032-085', 'available', '2024-12-10 07:22:09'),
(1130, 32, 'UNIT-032-086', 'available', '2024-12-10 07:22:09'),
(1131, 32, 'UNIT-032-087', 'available', '2024-12-10 07:22:09'),
(1132, 32, 'UNIT-032-088', 'available', '2024-12-10 07:22:09'),
(1133, 32, 'UNIT-032-089', 'available', '2024-12-10 07:22:09'),
(1134, 32, 'UNIT-032-090', 'available', '2024-12-10 07:22:09'),
(1135, 32, 'UNIT-032-091', 'available', '2024-12-10 07:22:09'),
(1136, 32, 'UNIT-032-092', 'available', '2024-12-10 07:22:09'),
(1137, 32, 'UNIT-032-093', 'available', '2024-12-10 07:22:09'),
(1138, 32, 'UNIT-032-094', 'available', '2024-12-10 07:22:09'),
(1139, 32, 'UNIT-032-095', 'available', '2024-12-10 07:22:09'),
(1140, 32, 'UNIT-032-096', 'available', '2024-12-10 07:22:09'),
(1141, 32, 'UNIT-032-097', 'available', '2024-12-10 07:22:09'),
(1142, 32, 'UNIT-032-098', 'available', '2024-12-10 07:22:09'),
(1143, 32, 'UNIT-032-099', 'available', '2024-12-10 07:22:09'),
(1144, 32, 'UNIT-032-100', 'available', '2024-12-10 07:22:09'),
(1145, 32, 'UNIT-032-101', 'available', '2024-12-10 07:22:09'),
(1146, 32, 'UNIT-032-102', 'available', '2024-12-10 07:22:09'),
(1147, 32, 'UNIT-032-103', 'available', '2024-12-10 07:22:09'),
(1148, 32, 'UNIT-032-104', 'available', '2024-12-10 07:22:09'),
(1149, 32, 'UNIT-032-105', 'available', '2024-12-10 07:22:09'),
(1150, 32, 'UNIT-032-106', 'available', '2024-12-10 07:22:09'),
(1151, 32, 'UNIT-032-107', 'available', '2024-12-10 07:22:09'),
(1152, 32, 'UNIT-032-108', 'available', '2024-12-10 07:22:09'),
(1153, 32, 'UNIT-032-109', 'available', '2024-12-10 07:22:09'),
(1154, 32, 'UNIT-032-110', 'available', '2024-12-10 07:22:09'),
(1155, 32, 'UNIT-032-111', 'available', '2024-12-10 07:22:09'),
(1156, 32, 'UNIT-032-112', 'available', '2024-12-10 07:22:09'),
(1157, 32, 'UNIT-032-113', 'available', '2024-12-10 07:22:09'),
(1158, 32, 'UNIT-032-114', 'available', '2024-12-10 07:22:09'),
(1159, 32, 'UNIT-032-115', 'available', '2024-12-10 07:22:09'),
(1160, 32, 'UNIT-032-116', 'available', '2024-12-10 07:22:09'),
(1161, 32, 'UNIT-032-117', 'available', '2024-12-10 07:22:09'),
(1162, 32, 'UNIT-032-118', 'available', '2024-12-10 07:22:09'),
(1163, 32, 'UNIT-032-119', 'available', '2024-12-10 07:22:09'),
(1164, 32, 'UNIT-032-120', 'available', '2024-12-10 07:22:09'),
(1165, 32, 'UNIT-032-121', 'available', '2024-12-10 07:22:09'),
(1166, 32, 'UNIT-032-122', 'available', '2024-12-10 07:22:09'),
(1167, 32, 'UNIT-032-123', 'available', '2024-12-10 07:22:09'),
(1168, 33, 'UNIT-033-001', 'available', '2024-12-10 07:22:22'),
(1169, 33, 'UNIT-033-002', 'available', '2024-12-10 07:22:22'),
(1170, 33, 'UNIT-033-003', 'available', '2024-12-10 07:22:22'),
(1171, 33, 'UNIT-033-004', 'available', '2024-12-10 07:22:22'),
(1172, 33, 'UNIT-033-005', 'available', '2024-12-10 07:22:22'),
(1173, 33, 'UNIT-033-006', 'available', '2024-12-10 07:22:22'),
(1174, 33, 'UNIT-033-007', 'available', '2024-12-10 07:22:22'),
(1175, 33, 'UNIT-033-008', 'available', '2024-12-10 07:22:22'),
(1176, 33, 'UNIT-033-009', 'available', '2024-12-10 07:22:22'),
(1177, 33, 'UNIT-033-010', 'available', '2024-12-10 07:22:22'),
(1178, 33, 'UNIT-033-011', 'available', '2024-12-10 07:22:22'),
(1179, 33, 'UNIT-033-012', 'available', '2024-12-10 07:22:22'),
(1180, 33, 'UNIT-033-013', 'available', '2024-12-10 07:22:22'),
(1181, 33, 'UNIT-033-014', 'available', '2024-12-10 07:22:22'),
(1182, 33, 'UNIT-033-015', 'available', '2024-12-10 07:22:22'),
(1183, 33, 'UNIT-033-016', 'available', '2024-12-10 07:22:22'),
(1184, 33, 'UNIT-033-017', 'available', '2024-12-10 07:22:22'),
(1185, 33, 'UNIT-033-018', 'available', '2024-12-10 07:22:22'),
(1186, 33, 'UNIT-033-019', 'available', '2024-12-10 07:22:22'),
(1187, 33, 'UNIT-033-020', 'available', '2024-12-10 07:22:22'),
(1188, 33, 'UNIT-033-021', 'available', '2024-12-10 07:22:22'),
(1189, 33, 'UNIT-033-022', 'available', '2024-12-10 07:22:22'),
(1190, 33, 'UNIT-033-023', 'available', '2024-12-10 07:22:22'),
(1191, 33, 'UNIT-033-024', 'available', '2024-12-10 07:22:22'),
(1192, 33, 'UNIT-033-025', 'available', '2024-12-10 07:22:22'),
(1193, 33, 'UNIT-033-026', 'available', '2024-12-10 07:22:22'),
(1194, 33, 'UNIT-033-027', 'available', '2024-12-10 07:22:22'),
(1195, 33, 'UNIT-033-028', 'available', '2024-12-10 07:22:22'),
(1196, 33, 'UNIT-033-029', 'available', '2024-12-10 07:22:22'),
(1197, 33, 'UNIT-033-030', 'available', '2024-12-10 07:22:22'),
(1198, 33, 'UNIT-033-031', 'available', '2024-12-10 07:22:22'),
(1199, 33, 'UNIT-033-032', 'available', '2024-12-10 07:22:22'),
(1200, 34, 'UNIT-034-001', 'available', '2024-12-10 07:22:39'),
(1201, 34, 'UNIT-034-002', 'available', '2024-12-10 07:22:39'),
(1202, 34, 'UNIT-034-003', 'available', '2024-12-10 07:22:39'),
(1203, 34, 'UNIT-034-004', 'available', '2024-12-10 07:22:39'),
(1204, 34, 'UNIT-034-005', 'available', '2024-12-10 07:22:39'),
(1205, 34, 'UNIT-034-006', 'available', '2024-12-10 07:22:39'),
(1206, 34, 'UNIT-034-007', 'available', '2024-12-10 07:22:39'),
(1207, 34, 'UNIT-034-008', 'available', '2024-12-10 07:22:39'),
(1208, 34, 'UNIT-034-009', 'available', '2024-12-10 07:22:39'),
(1209, 34, 'UNIT-034-010', 'available', '2024-12-10 07:22:39'),
(1210, 34, 'UNIT-034-011', 'available', '2024-12-10 07:22:39'),
(1211, 34, 'UNIT-034-012', 'available', '2024-12-10 07:22:39'),
(1212, 34, 'UNIT-034-013', 'available', '2024-12-10 07:22:39'),
(1213, 34, 'UNIT-034-014', 'available', '2024-12-10 07:22:39'),
(1214, 34, 'UNIT-034-015', 'available', '2024-12-10 07:22:39'),
(1215, 34, 'UNIT-034-016', 'available', '2024-12-10 07:22:39'),
(1216, 34, 'UNIT-034-017', 'available', '2024-12-10 07:22:39'),
(1217, 34, 'UNIT-034-018', 'available', '2024-12-10 07:22:39'),
(1218, 34, 'UNIT-034-019', 'available', '2024-12-10 07:22:39'),
(1219, 34, 'UNIT-034-020', 'available', '2024-12-10 07:22:39'),
(1220, 34, 'UNIT-034-021', 'available', '2024-12-10 07:22:39'),
(1221, 34, 'UNIT-034-022', 'available', '2024-12-10 07:22:39'),
(1222, 34, 'UNIT-034-023', 'available', '2024-12-10 07:22:39'),
(1223, 34, 'UNIT-034-024', 'available', '2024-12-10 07:22:39'),
(1224, 34, 'UNIT-034-025', 'available', '2024-12-10 07:22:39'),
(1225, 34, 'UNIT-034-026', 'available', '2024-12-10 07:22:39'),
(1226, 34, 'UNIT-034-027', 'available', '2024-12-10 07:22:39'),
(1227, 34, 'UNIT-034-028', 'available', '2024-12-10 07:22:39'),
(1228, 34, 'UNIT-034-029', 'available', '2024-12-10 07:22:39'),
(1229, 34, 'UNIT-034-030', 'available', '2024-12-10 07:22:39'),
(1230, 34, 'UNIT-034-031', 'available', '2024-12-10 07:22:39'),
(1231, 34, 'UNIT-034-032', 'available', '2024-12-10 07:22:39'),
(1233, 35, 'UNIT-035-001', 'available', '2024-12-10 10:15:28'),
(1234, 35, 'UNIT-035-002', 'available', '2024-12-10 10:15:28'),
(1235, 35, 'UNIT-035-003', 'available', '2024-12-10 10:15:28');

-- --------------------------------------------------------

--
-- Table structure for table `role`
--

CREATE TABLE `role` (
  `id` int(11) NOT NULL,
  `name` varchar(255) NOT NULL
) ENGINE=InnoDB DEFAULT CHARSET=utf8mb4 COLLATE=utf8mb4_general_ci;

--
-- Dumping data for table `role`
--

INSERT INTO `role` (`id`, `name`) VALUES
(1, 'Administrator'),
(2, 'Staff'),
(3, 'User');

-- --------------------------------------------------------

--
-- Table structure for table `users`
--

CREATE TABLE `users` (
  `id` int(11) NOT NULL,
  `department_id` int(11) NOT NULL,
  `role_id` int(11) NOT NULL,
  `username` varchar(255) NOT NULL,
  `password` varchar(255) NOT NULL,
  `email` varchar(255) DEFAULT NULL,
  `first_name` varchar(255) NOT NULL,
  `middle_name` varchar(255) DEFAULT NULL,
  `last_name` varchar(255) NOT NULL,
  `age` int(11) NOT NULL,
  `address` varchar(255) NOT NULL,
  `contact_number` varchar(20) DEFAULT NULL,
  `profile_image` varchar(255) NOT NULL,
  `created_at` timestamp NOT NULL DEFAULT current_timestamp(),
  `updated_at` timestamp NOT NULL DEFAULT current_timestamp() ON UPDATE current_timestamp()
) ENGINE=InnoDB DEFAULT CHARSET=utf8mb4 COLLATE=utf8mb4_general_ci;

--
-- Dumping data for table `users`
--

INSERT INTO `users` (`id`, `department_id`, `role_id`, `username`, `password`, `email`, `first_name`, `middle_name`, `last_name`, `age`, `address`, `contact_number`, `profile_image`, `created_at`, `updated_at`) VALUES
(11, 1, 1, 'andre', '1234', 'andrelee.cuyugan@gmail.com', 'Andre Lee', 'Rodriguez', 'Cuyugan', 22, 'Tetuan', '09009088', '', '2024-11-08 08:28:45', '2024-12-10 12:51:24'),
(12, 1, 3, 'Arman', 'asdzxc1!', 'yes@gmail.com', 'Arman', 'R', 'Cuyugan', 21, 'Tetuan', '09123456789', 'uploads/profile_images/6758077a22984.jpg', '2024-12-10 09:10:59', '2024-12-10 09:18:50'),
(13, 1, 2, 'tester', 'qweASD123!@#', 'xt202000397@wmsu.edu.ph', 'Axeeeee', 'R', 'Ligma', 32, 'gdx', '09123456789', '../assets/default-profile.png', '2024-12-10 09:14:56', '2024-12-10 09:14:56');

--
-- Indexes for dumped tables
--

--
-- Indexes for table `borrowings`
--
ALTER TABLE `borrowings`
  ADD PRIMARY KEY (`id`),
  ADD KEY `borrower_name` (`borrower_username`),
  ADD KEY `unit_id` (`unit_id`);

--
-- Indexes for table `categories`
--
ALTER TABLE `categories`
  ADD PRIMARY KEY (`id`);

--
-- Indexes for table `department`
--
ALTER TABLE `department`
  ADD PRIMARY KEY (`id`);

--
-- Indexes for table `equipment`
--
ALTER TABLE `equipment`
  ADD PRIMARY KEY (`id`),
  ADD KEY `category_id` (`category_id`);

--
-- Indexes for table `equipment_units`
--
ALTER TABLE `equipment_units`
  ADD PRIMARY KEY (`id`),
  ADD KEY `equipment_id` (`equipment_id`);

--
-- Indexes for table `role`
--
ALTER TABLE `role`
  ADD PRIMARY KEY (`id`);

--
-- Indexes for table `users`
--
ALTER TABLE `users`
  ADD PRIMARY KEY (`id`),
  ADD UNIQUE KEY `username` (`username`),
  ADD UNIQUE KEY `username_2` (`username`),
  ADD KEY `fk_department_id` (`department_id`),
  ADD KEY `fk_role_id` (`role_id`);

--
-- AUTO_INCREMENT for dumped tables
--

--
-- AUTO_INCREMENT for table `borrowings`
--
ALTER TABLE `borrowings`
  MODIFY `id` int(11) NOT NULL AUTO_INCREMENT, AUTO_INCREMENT=96;

--
-- AUTO_INCREMENT for table `categories`
--
ALTER TABLE `categories`
  MODIFY `id` int(11) NOT NULL AUTO_INCREMENT, AUTO_INCREMENT=4;

--
-- AUTO_INCREMENT for table `department`
--
ALTER TABLE `department`
  MODIFY `id` int(11) NOT NULL AUTO_INCREMENT, AUTO_INCREMENT=4;

--
-- AUTO_INCREMENT for table `equipment`
--
ALTER TABLE `equipment`
  MODIFY `id` int(11) NOT NULL AUTO_INCREMENT, AUTO_INCREMENT=36;

--
-- AUTO_INCREMENT for table `equipment_units`
--
ALTER TABLE `equipment_units`
  MODIFY `id` int(11) NOT NULL AUTO_INCREMENT, AUTO_INCREMENT=1333;

--
-- AUTO_INCREMENT for table `role`
--
ALTER TABLE `role`
  MODIFY `id` int(11) NOT NULL AUTO_INCREMENT, AUTO_INCREMENT=4;

--
-- AUTO_INCREMENT for table `users`
--
ALTER TABLE `users`
  MODIFY `id` int(11) NOT NULL AUTO_INCREMENT, AUTO_INCREMENT=14;

--
-- Constraints for dumped tables
--

--
-- Constraints for table `borrowings`
--
ALTER TABLE `borrowings`
  ADD CONSTRAINT `borrowings_ibfk_2` FOREIGN KEY (`borrower_username`) REFERENCES `users` (`username`),
  ADD CONSTRAINT `borrowings_ibfk_3` FOREIGN KEY (`unit_id`) REFERENCES `equipment_units` (`id`) ON DELETE CASCADE;

--
-- Constraints for table `equipment`
--
ALTER TABLE `equipment`
  ADD CONSTRAINT `equipment_ibfk_1` FOREIGN KEY (`category_id`) REFERENCES `categories` (`id`);

--
-- Constraints for table `equipment_units`
--
ALTER TABLE `equipment_units`
  ADD CONSTRAINT `equipment_units_ibfk_1` FOREIGN KEY (`equipment_id`) REFERENCES `equipment` (`id`) ON DELETE CASCADE ON UPDATE CASCADE;

--
-- Constraints for table `users`
--
ALTER TABLE `users`
  ADD CONSTRAINT `fk_department_id` FOREIGN KEY (`department_id`) REFERENCES `department` (`id`) ON UPDATE CASCADE,
  ADD CONSTRAINT `fk_role_id` FOREIGN KEY (`role_id`) REFERENCES `role` (`id`) ON UPDATE CASCADE;
COMMIT;

/*!40101 SET CHARACTER_SET_CLIENT=@OLD_CHARACTER_SET_CLIENT */;
/*!40101 SET CHARACTER_SET_RESULTS=@OLD_CHARACTER_SET_RESULTS */;
/*!40101 SET COLLATION_CONNECTION=@OLD_COLLATION_CONNECTION */;
